{
  "file": "reference/fireflies_8d_reference.wav",
  "sample_rate": 48000,
  "duration_s": 228.98358333333334,
  "peak_dbfs": 0.0,
  "rms_dbfs": -16.74367550679359,
  "crest_db": 16.743675506733886,
  "rotation": {
    "pan_min": -0.7050463958761177,
    "pan_max": 0.7009153602844909,
    "pan_std": 0.3976445316919824,
    "dominant_pan_hz": 0.09628008752735229,
    "dominant_rotation_seconds": 10.386363636363637,
    "mean_corr": NaN,
    "min_corr": NaN,
    "p10_corr": NaN,
    "mean_side_mid_ratio": 0.856755140910309,
    "p90_side_mid_ratio": 1.2215141043074238,
    "mean_bass_side_mid_ratio_lt150": 0.2002934214258674,
    "p90_bass_side_mid_ratio_lt150": 0.35324727575207693
  },
  "tempo_bpm_crude": 90.7258064516129,
  "sections": [
    {
      "start": 0,
      "end": 30,
      "rms_db": -23.846397874073624,
      "peak_dbfs": 0.0,
      "crest_db": 23.846397873938372,
      "corr": 0.3635466720811426,
      "side_mid_ratio": 0.6859109601160438,
      "centroid_hz": 819.5854688827422,
      "bands": {
        "sub_20_80": 0.22692121595134582,
        "bass_80_150": 0.05569744197463538,
        "lowmid_150_500": 0.26951673647842384,
        "mid_500_2k": 0.39402919397188474,
        "presence_2k_6k": 0.028806680059191247,
        "air_6k_16k": 0.024822501910793028
      }
    },
    {
      "start": 30,
      "end": 60,
      "rms_db": -21.026849896460035,
      "peak_dbfs": -0.1281758080580286,
      "crest_db": 20.898674088304247,
      "corr": 0.4350320692443366,
      "side_mid_ratio": 0.627632830863319,
      "centroid_hz": 863.2917991432445,
      "bands": {
        "sub_20_80": 0.37582883023146685,
        "bass_80_150": 0.11830210019595903,
        "lowmid_150_500": 0.14083723154440003,
        "mid_500_2k": 0.26808433913768487,
        "presence_2k_6k": 0.0699469606389766,
        "air_6k_16k": 0.026735707144394095
      }
    },
    {
      "start": 60,
      "end": 90,
      "rms_db": -17.303074165566525,
      "peak_dbfs": 0.0,
      "crest_db": 17.303074165502853,
      "corr": 0.269487939187544,
      "side_mid_ratio": 0.760486328253755,
      "centroid_hz": 1223.3488421003685,
      "bands": {
        "sub_20_80": 0.38683356563234905,
        "bass_80_150": 0.08891619815576148,
        "lowmid_150_500": 0.13385023676273006,
        "mid_500_2k": 0.24401983424741586,
        "presence_2k_6k": 0.09191006710925972,
        "air_6k_16k": 0.054042578473619846
      }
    },
    {
      "start": 90,
      "end": 120,
      "rms_db": -14.640876307109627,
      "peak_dbfs": 0.0,
      "crest_db": 14.64087630706276,
      "corr": 0.20241096687576915,
      "side_mid_ratio": 0.8148724367997735,
      "centroid_hz": 1393.0359261038068,
      "bands": {
        "sub_20_80": 0.2476975977477487,
        "bass_80_150": 0.042033102872065145,
        "lowmid_150_500": 0.18311378780179552,
        "mid_500_2k": 0.29601355970578197,
        "presence_2k_6k": 0.18557457258446577,
        "air_6k_16k": 0.04499398865410007
      }
    },
    {
      "start": 120,
      "end": 150,
      "rms_db": -17.128430077294617,
      "peak_dbfs": -0.033729589819380616,
      "crest_db": 17.09470048741283,
      "corr": 0.23837947536103885,
      "side_mid_ratio": 0.7844028342758341,
      "centroid_hz": 1670.849523834461,
      "bands": {
        "sub_20_80": 0.1916938413103043,
        "bass_80_150": 0.10128068919908868,
        "lowmid_150_500": 0.1572853698791612,
        "mid_500_2k": 0.31664939174194384,
        "presence_2k_6k": 0.15994131633444056,
        "air_6k_16k": 0.07257916595352568
      }
    },
    {
      "start": 150,
      "end": 180,
      "rms_db": -13.497374152387016,
      "peak_dbfs": 0.0,
      "crest_db": 13.49737415234593,
      "corr": 0.14914944991266493,
      "side_mid_ratio": 0.860679399293189,
      "centroid_hz": 1287.9137995659614,
      "bands": {
        "sub_20_80": 0.22911684111285643,
        "bass_80_150": 0.04187538702027506,
        "lowmid_150_500": 0.19100763168688936,
        "mid_500_2k": 0.3589425008775421,
        "presence_2k_6k": 0.13719631734984675,
        "air_6k_16k": 0.0413219721856722
      }
    },
    {
      "start": 180,
      "end": 210,
      "rms_db": -15.059753789648447,
      "peak_dbfs": 0.0,
      "crest_db": 15.059753789599263,
      "corr": 0.12519972176102467,
      "side_mid_ratio": 0.8840153476642781,
      "centroid_hz": 1436.21702760099,
      "bands": {
        "sub_20_80": 0.19762329031772344,
        "bass_80_150": 0.03126006566619389,
        "lowmid_150_500": 0.15364909868148327,
        "mid_500_2k": 0.37441538552065523,
        "presence_2k_6k": 0.2054663664048664,
        "air_6k_16k": 0.03719841051770255
      }
    },
    {
      "start": 210,
      "end": 228.98,
      "rms_db": -26.803861003536234,
      "peak_dbfs": -4.544461464442501,
      "crest_db": 22.259399538903622,
      "corr": -0.050825013260024796,
      "side_mid_ratio": 1.0454014576764548,
      "centroid_hz": 1483.7969006276885,
      "bands": {
        "sub_20_80": 0.00017687465651987743,
        "bass_80_150": 0.02117714358705616,
        "lowmid_150_500": 0.06927308236733025,
        "mid_500_2k": 0.6676071870344132,
        "presence_2k_6k": 0.24125314975548817,
        "air_6k_16k": 0.0005071742352438463
      }
    }
  ]
}
